id,name,country,lending_capacity,interest_rate
1,Global Finance Corp,India,3852487053.056111,0.07691698315451839
2,Trade Capital Partners,Japan,1445527489.8959377,0.036973501847826225
3,Supply Chain Bank,India,1249018532.271713,0.060226278295918256
4,International Trade Finance,Brazil,494830522.5225754,0.04357475922117779
5,Commercial Lending Solutions,France,3500354080.265356,0.0935777227525097
6,Asia Pacific Finance,China,2132852689.901269,0.05977932519342752
7,European Trade Bank,Italy,2137293747.1054642,0.04861509505629692
8,American Supply Finance,France,2008436382.068012,0.0992816195083197
